dac_code,iSense,VSense,VLoad,iSense,VSense,VLoad,iSense,VSense,VLoad,iSense,VSense,VLoad,iSense,VSense,VLoad,iSense,VSense,VLoad,iSense,VSense,VLoad,iSense,VSense,VLoad,iSense,VSense,VLoad,iSense,VSense,VLoad
0,5984579,5033112,4988274,5981996,5033088,4988264,5982750,5033088,4988258,5983584,5033085,4988258,5981516,5033086,4988244,5983948,5033071,4988242,5985051,5033060,4988228,5984764,5033058,4988240,5981365,5033075,4988237,5982456,5033062,4988231
256,6002911,5059300,5014834,6001592,5059286,5014842,6001668,5059302,5014846,5999491,5059302,5014834,6000672,5059298,5014840,6000700,5059282,5014830,6001282,5059286,5014836,6002358,5059300,5014818,6000446,5059304,5014834,6002868,5059290,5014840
512,6020638,5085516,5041410,6020557,5085518,5041414,6018711,5085493,5041406,6020700,5085503,5041404,6018668,5085502,5041400,6019940,5085503,5041396,6020998,5085515,5041420,6019422,5085516,5041424,6020132,5085515,5041394,6021180,5085500,5041388
768,6039160,5111690,5067964,6037106,5111690,5067942,6037601,5111694,5067946,6037650,5111676,5067946,6038274,5111700,5067942,6036710,5111684,5067956,6038319,5111690,5067934,6036574,5111694,5067922,6038272,5111676,5067918,6038366,5111676,5067936
1024,6056690,5137898,5094524,6054142,5137904,5094514,6056260,5137876,5094502,6056216,5137906,5094498,6056724,5137904,5094496,6054346,5137897,5094488,6056294,5137906,5094512,6056275,5137902,5094508,6059030,5137881,5094518,6058592,5137898,5094494
1280,6073996,5164164,5121106,6074916,5164126,5121090,6074409,5164133,5121100,6075130,5164100,5121106,6072868,5164106,5121096,6073640,5164115,5121080,6074930,5164106,5121090,6072188,5164120,5121094,6073644,5164121,5121086,6074479,5164124,5121080
1536,6091618,5190365,5147677,6093450,5190342,5147674,6094486,5190346,5147685,6094244,5190332,5147674,6093348,5190338,5147685,6092020,5190346,5147678,6090976,5190322,5147679,6093340,5190350,5147670,6091956,5190336,5147659,6094142,5190370,5147678
1792,6113392,5216506,5174202,6112350,5216521,5174198,6112450,5216508,5174200,6110228,5216524,5174224,6110718,5216536,5174215,6110693,5216501,5174206,6109656,5216524,5174200,6110020,5216522,5174194,6111057,5216526,5174204,6111402,5216540,5174231
2048,6129907,5242732,5200793,6129200,5242751,5200795,6127992,5242751,5200795,6131780,5242750,5200790,6127718,5242743,5200789,6128408,5242734,5200779,6127350,5242734,5200764,6128278,5242753,5200782,6128723,5242716,5200782,6129796,5242756,5200773
2304,6147504,5268970,5227364,6147582,5268968,5227372,6146446,5268966,5227386,6146344,5268966,5227384,6146536,5268976,5227388,6146524,5268958,5227370,6147896,5268974,5227375,6148200,5268982,5227385,6148364,5268968,5227344,6149476,5268970,5227371
2560,6164352,5295180,5253962,6165128,5295200,5253948,6165346,5295187,5253943,6164988,5295179,5253949,6164948,5295188,5253964,6165428,5295176,5253952,6166910,5295196,5253945,6166228,5295180,5253938,6165072,5295172,5253942,6165408,5295194,5253943
2816,6184002,5321374,5280500,6183810,5321378,5280495,6182956,5321370,5280501,6183608,5321380,5280485,6185294,5321380,5280497,6183772,5321372,5280505,6183529,5321394,5280485,6184178,5321374,5280507,6181754,5321390,5280496,6183692,5321376,5280502
3072,6203006,5347602,5307062,6201885,5347608,5307072,6200390,5347598,5307066,6201636,5347592,5307074,6202846,5347592,5307068,6202526,5347616,5307084,6201158,5347610,5307076,6201722,5347588,5307072,6203958,5347584,5307054,6202236,5347592,5307078
3328,6218796,5373813,5333642,6219302,5373814,5333642,6221955,5373808,5333644,6220038,5373807,5333638,6218988,5373838,5333646,6221152,5373822,5333652,6221012,5373803,5333642,6220082,5373809,5333642,6218849,5373801,5333624,6218716,5373804,5333626
3584,6237755,5400029,5360222,6238584,5400040,5360216,6238277,5400048,5360230,6236254,5400024,5360222,6237952,5400029,5360218,6239234,5400038,5360226,6237988,5400033,5360222,6238458,5400036,5360228,6237536,5400049,5360230,6239950,5400042,5360224
3840,6256754,5426224,5386721,6256279,5426232,5386752,6257861,5426220,5386764,6255698,5426212,5386728,6257250,5426224,5386720,6256377,5426228,5386711,6257347,5426226,5386715,6256396,5426226,5386713,6257643,5426208,5386711,6256315,5426232,5386715
4096,6274760,5452443,5413301,6275638,5452447,5413298,6274484,5452444,5413286,6274139,5452430,5413291,6272520,5452442,5413282,6273708,5452443,5413290,6275862,5452441,5413290,6274429,5452449,5413294,6274006,5452439,5413288,6275086,5452434,5413288
4352,6293552,5478700,5439898,6294308,5478696,5439908,6290634,5478683,5439894,6293640,5478695,5439888,6291614,5478689,5439888,6292342,5478690,5439900,6295274,5478694,5439892,6293118,5478696,5439890,6293449,5478700,5439890,6293888,5478695,5439884
4608,6311677,5504916,5466470,6312314,5504916,5466468,6310390,5504918,5466472,6310812,5504914,5466474,6311642,5504914,5466470,6311501,5504920,5466458,6311210,5504920,5466472,6310956,5504906,5466462,6310758,5504908,5466462,6309943,5504908,5466470
4864,6330182,5531088,5493018,6329596,5531096,5493006,6330127,5531094,5492998,6328193,5531092,5493002,6329863,5531085,5493002,6329594,5531090,5493002,6330576,5531108,5493000,6329000,5531096,5492996,6329332,5531104,5493010,6329608,5531100,5493018
5120,6349090,5557322,5519602,6346256,5557331,5519588,6348502,5557330,5519602,6347958,5557328,5519594,6348488,5557325,5519596,6348526,5557341,5519608,6349312,5557325,5519598,6348230,5557333,5519592,6346096,5557327,5519586,6350364,5557328,5519586
5376,6365233,5583538,5546150,6365388,5583544,5546173,6364786,5583542,5546160,6365756,5583548,5546166,6364684,5583544,5546169,6366401,5583540,5546162,6366478,5583546,5546164,6365852,5583538,5546168,6366303,5583544,5546158,6365434,5583542,5546164
5632,6383003,5609796,5572778,6384729,5609788,5572775,6383410,5609796,5572780,6382209,5609796,5572774,6384665,5609802,5572783,6383848,5609798,5572778,6384616,5609788,5572781,6384224,5609790,5572768,6383620,5609788,5572776,6383183,5609788,5572766
5888,6400996,5636009,5599343,6400720,5636017,5599351,6401915,5636012,5599353,6402320,5636025,5599351,6402250,5636019,5599350,6402726,5636017,5599344,6401392,5636010,5599347,6402050,5636023,5599360,6401372,5636026,5599340,6402618,5636011,5599349
6144,6418512,5662202,5625898,6421511,5662214,5625910,6419912,5662210,5625912,6420473,5662218,5625891,6419380,5662210,5625893,6420855,5662208,5625898,6418984,5662206,5625903,6420202,5662202,5625898,6419030,5662206,5625893,6420506,5662220,5625908
6400,6438620,5688434,5652465,6438800,5688428,5652472,6439545,5688430,5652468,6438514,5688422,5652468,6439172,5688424,5652469,6437035,5688415,5652476,6438979,5688434,5652468,6437895,5688424,5652465,6439363,5688428,5652456,6438558,5688422,5652486
6656,6456790,5714681,5679084,6455572,5714672,5679088,6455744,5714681,5679076,6457036,5714681,5679086,6455908,5714675,5679076,6456854,5714688,5679096,6457430,5714675,5679086,6456112,5714673,5679082,6457858,5714678,5679092,6455526,5714671,5679094
6912,6475330,5740890,5705665,6476498,5740895,5705670,6473940,5740892,5705674,6476504,5740900,5705658,6475179,5740903,5705659,6474330,5740909,5705679,6475520,5740907,5705683,6475032,5740899,5705674,6475898,5740896,5705673,6474960,5740901,5705679
7168,6494612,5767088,5732239,6492726,5767084,5732237,6491159,5767090,5732239,6492272,5767088,5732241,6491285,5767090,5732230,6491268,5767086,5732231,6492578,5767090,5732235,6494426,5767084,5732233,6492042,5767090,5732234,6492266,5767082,5732230
7424,6511404,5793306,5758817,6511504,5793300,5758807,6510390,5793301,5758813,6512202,5793315,5758811,6512392,5793307,5758798,6509708,5793301,5758805,6509714,5793302,5758804,6510132,5793296,5758811,6512090,5793308,5758803,6512500,5793300,5758806
7680,6528795,5819555,5785424,6529052,5819550,5785420,6528919,5819546,5785422,6528968,5819555,5785426,6528060,5819558,5785412,6527606,5819553,5785428,6529532,5819560,5785430,6528419,5819563,5785426,6531733,5819557,5785406,6529128,5819549,5785404
7936,6546888,5845776,5811998,6548245,5845784,5811992,6546480,5845770,5811988,6547836,5845774,5811992,6547640,5845778,5811992,6546438,5845774,5811996,6546788,5845782,5811996,6546028,5845776,5811992,6547518,5845770,5811988,6547876,5845766,5812012
8192,6565914,5871972,5838538,6567120,5871968,5838540,6566261,5871970,5838540,6565198,5871976,5838542,6566843,5871976,5838536,6565181,5871970,5838540,6564440,5871978,5838550,6566473,5871976,5838530,6564840,5871967,5838540,6565194,5871974,5838546
8448,6584486,5898197,5865108,6584078,5898190,5865112,6584260,5898181,5865114,6586136,5898201,5865112,6583376,5898194,5865106,6583368,5898195,5865104,6585802,5898195,5865112,6583746,5898194,5865108,6584791,5898205,5865116,6584634,5898205,5865122
8704,6600724,5924408,5891676,6602188,5924412,5891672,6603623,5924410,5891664,6600289,5924410,5891672,6600037,5924418,5891674,6601858,5924404,5891682,6603306,5924412,5891682,6600222,5924402,5891686,6602522,5924414,5891682,6603760,5924412,5891668
8960,6620654,5950632,5918250,6620070,5950622,5918238,6622184,5950624,5918248,6620430,5950624,5918254,6619131,5950628,5918254,6619610,5950634,5918248,6618633,5950636,5918244,6622490,5950626,5918250,6618794,5950638,5918240,6619564,5950646,5918256
9216,6637896,5976827,5944796,6636801,5976825,5944804,6637624,5976818,5944796,6639664,5976827,5944786,6638502,5976827,5944790,6639327,5976824,5944798,6637281,5976825,5944796,6638868,5976828,5944796,6638394,5976834,5944792,6638948,5976821,5944794
9472,6656375,6003048,5971370,6655250,6003050,5971366,6655540,6003040,5971352,6656280,6003040,5971362,6658352,6003034,5971356,6657034,6003044,5971366,6654774,6003048,5971366,6658243,6003030,5971362,6658050,6003046,5971372,6655850,6003040,5971354
9728,6675766,6029304,5997965,6675210,6029302,5997967,6674702,6029298,5997972,6676498,6029294,5997957,6675193,6029284,5997962,6675924,6029302,5997976,6673594,6029296,5997963,6675006,6029288,5997965,6674041,6029294,5997959,6675424,6029280,5997965
9984,6693250,6055505,6024524,6691992,6055517,6024530,6691524,6055509,6024538,6693002,6055512,6024533,6691590,6055510,6024539,6692796,6055517,6024532,6692534,6055519,6024531,6694430,6055518,6024537,6693245,6055501,6024542,6692256,6055520,6024528
10240,6711289,6081740,6051109,6713772,6081733,6051125,6712385,6081742,6051106,6711430,6081733,6051097,6710496,6081743,6051100,6710240,6081730,6051110,6709810,6081735,6051114,6711906,6081747,6051101,6711662,6081745,6051102,6713246,6081739,6051110
10496,6727800,6107922,6077647,6728906,6107928,6077656,6729376,6107924,6077644,6727858,6107928,6077652,6728534,6107928,6077651,6728766,6107936,6077652,6729012,6107938,6077656,6729302,6107938,6077640,6727846,6107940,6077654,6730544,6107936,6077658
10752,6748724,6134141,6104214,6746326,6134149,6104206,6749431,6134146,6104212,6747187,6134157,6104206,6747932,6134144,6104215,6746313,6134141,6104212,6746898,6134140,6104215,6747136,6134157,6104211,6748330,6134141,6104221,6746632,6134156,6104207
11008,6767030,6160379,6130784,6765976,6160375,6130797,6765338,6160385,6130797,6766141,6160385,6130783,6766017,6160392,6130791,6765856,6160376,6130800,6766680,6160389,6130782,6767504,6160381,6130786,6765550,6160388,6130788,6764274,6160374,6130777
11264,6782711,6186596,6157350,6784476,6186610,6157372,6782887,6186596,6157364,6784332,6186594,6157370,6786158,6186594,6157358,6783777,6186592,6157364,6782291,6186586,6157362,6783367,6186592,6157360,6783062,6186598,6157360,6783248,6186602,6157360
11520,6803148,6212788,6183898,6801662,6212774,6183899,6800714,6212788,6183893,6802722,6212788,6183898,6803508,6212781,6183885,6800682,6212767,6183889,6803830,6212779,6183894,6802127,6212775,6183887,6802600,6212786,6183884,6803659,6212784,6183895
11776,6820035,6239022,6210460,6819438,6239010,6210464,6821006,6239004,6210466,6819638,6239015,6210455,6818678,6239008,6210453,6818980,6238998,6210461,6820847,6239004,6210468,6821662,6239019,6210469,6819014,6239008,6210462,6818236,6239000,6210468
12032,6838430,6265264,6237058,6839093,6265256,6237054,6836768,6265262,6237054,6838598,6265268,6237066,6838201,6265260,6237066,6839224,6265258,6237064,6839579,6265256,6237070,6837452,6265258,6237066,6837658,6265258,6237080,6838183,6265256,6237062
12288,6856461,6291486,6263642,6856292,6291480,6263634,6858289,6291484,6263640,6856830,6291488,6263648,6857068,6291490,6263628,6856480,6291478,6263642,6854820,6291492,6263632,6857198,6291484,6263630,6856040,6291482,6263642,6857954,6291486,6263620
12544,6875374,6317681,6290162,6876078,6317659,6290156,6874242,6317674,6290172,6873562,6317675,6290166,6876417,6317672,6290158,6873041,6317671,6290164,6872423,6317659,6290158,6876415,6317665,6290172,6874299,6317670,6290150,6873246,6317672,6290160
12800,6891616,6343884,6316734,6893592,6343888,6316726,6893679,6343882,6316716,6892727,6343878,6316704,6891850,6343886,6316710,6893630,6343884,6316728,6893013,6343888,6316720,6891998,6343886,6316722,6893470,6343874,6316712,6894886,6343884,6316724
13056,6910077,6370136,6343314,6911439,6370132,6343316,6909560,6370132,6343314,6909236,6370134,6343308,6911663,6370116,6343310,6911868,6370122,6343310,6911024,6370118,6343306,6911543,6370136,6343312,6911698,6370132,6343322,6911161,6370130,6343314
13312,6928693,6396353,6369884,6928750,6396348,6369884,6929562,6396353,6369882,6929034,6396351,6369876,6928501,6396345,6369874,6930381,6396349,6369876,6930276,6396360,6369882,6929104,6396359,6369872,6930882,6396361,6369886,6930036,6396347,6369870
13568,6946735,6422544,6396410,6945179,6422544,6396412,6946918,6422530,6396406,6947168,6422542,6396416,6947374,6422538,6396400,6948423,6422538,6396412,6947365,6422540,6396404,6947698,6422542,6396414,6949044,6422540,6396414,6945834,6422548,6396420
13824,6965914,6448762,6422976,6964072,6448754,6422964,6967329,6448754,6422966,6965105,6448753,6422972,6965271,6448766,6422974,6967184,6448762,6422966,6967754,6448762,6422968,6967564,6448770,6422974,6964701,6448756,6422974,6964918,6448756,6422986
14080,6982850,6475003,6449552,6983488,6474989,6449563,6983174,6474990,6449552,6984593,6474997,6449552,6983582,6475005,6449558,6984762,6474994,6449552,6983288,6474995,6449563,6984222,6474999,6449550,6985046,6474984,6449556,6984503,6474975,6449548
14336,7000488,6501216,6476121,7002239,6501215,6476125,7003426,6501227,6476132,7002470,6501227,6476137,7001604,6501222,6476133,7000664,6501227,6476123,7000836,6501221,6476128,7003076,6501231,6476129,7001322,6501211,6476127,7000658,6501224,6476134
14592,7020258,6527414,6502658,7020083,6527404,6502660,7019880,6527412,6502656,7021788,6527408,6502648,7018792,6527395,6502652,7020408,6527406,6502656,7018452,6527406,6502654,7018047,6527404,6502644,7019047,6527410,6502656,7018720,6527406,6502660
14848,7038731,6553627,6529216,7036860,6553612,6529210,7037198,6553621,6529216,7037534,6553610,6529216,7039424,6553617,6529224,7037232,6553624,6529206,7038327,6553614,6529226,7036864,6553634,6529222,7038764,6553627,6529232,7038998,6553628,6529226
15104,7056408,6579870,6555795,7055164,6579866,6555804,7056214,6579866,6555790,7055984,6579856,6555799,7057048,6579857,6555798,7055738,6579852,6555792,7057480,6579850,6555809,7056242,6579856,6555801,7056222,6579850,6555794,7055488,6579856,6555793
15360,7073684,6606074,6582352,7074630,6606074,6582354,7074948,6606088,6582361,7075312,6606090,6582357,7073584,6606082,6582362,7074406,6606076,6582357,7075082,6606080,6582355,7073214,6606082,6582354,7074821,6606072,6582362,7072600,6606086,6582365
15616,7092718,6632303,6608932,7093759,6632312,6608941,7093110,6632312,6608944,7093142,6632320,6608928,7093710,6632322,6608931,7093866,6632308,6608948,7091133,6632299,6608933,7092726,6632320,6608930,7092010,6632314,6608930,7092746,6632316,6608937
15872,7112900,6658505,6635471,7112183,6658505,6635470,7110974,6658500,6635462,7112118,6658496,6635464,7112526,6658514,6635458,7109702,6658503,6635464,7110662,6658503,6635460,7110386,6658503,6635458,7109574,6658503,6635458,7112718,6658503,6635466
16128,7129006,6684710,6662026,7130710,6684712,6662016,7127160,6684716,6662027,7129656,6684716,6662024,7130393,6684706,6662014,7129743,6684710,6662016,7130266,6684716,6662033,7128862,6684716,6662033,7129855,6684712,6662032,7129253,6684722,6662026
16384,7146094,6710966,6688623,7147914,6710964,6688621,7146990,6710976,6688617,7148624,6710972,6688622,7146182,6710980,6688611,7148022,6710972,6688616,7144498,6710964,6688602,7146494,6710970,6688614,7146240,6710970,6688611,7147634,6710978,6688622
16640,7164636,6737181,6715158,7167187,6737189,6715169,7164968,6737172,6715178,7165838,6737169,6715174,7165030,6737186,6715172,7165815,6737185,6715177,7166391,6737188,6715174,7165531,6737180,6715182,7164782,6737189,6715173,7166190,6737192,6715177
16896,7183482,6763378,6741708,7184026,6763390,6741710,7183254,6763376,6741708,7182790,6763374,6741722,7183659,6763374,6741708,7183154,6763386,6741703,7183722,6763378,6741704,7181576,6763380,6741711,7187058,6763388,6741702,7183661,6763380,6741709
17152,7203248,6789600,6768261,7204284,6789590,6768265,7202476,6789596,6768262,7203362,6789578,6768263,7201019,6789581,6768254,7202638,6789589,6768250,7201978,6789588,6768259,7202450,6789596,6768259,7202012,6789591,6768259,7202715,6789587,6768264
17408,7222203,6815825,6794835,7219852,6815831,6794840,7219528,6815827,6794839,7221646,6815821,6794828,7220046,6815820,6794825,7219790,6815820,6794822,7218587,6815833,6794829,7220598,6815829,6794846,7222058,6815827,6794836,7218652,6815832,6794848
17664,7238244,6842050,6821395,7236842,6842048,6821395,7238736,6842038,6821388,7237683,6842050,6821387,7237410,6842040,6821390,7235808,6842046,6821391,7236982,6842054,6821399,7238532,6842050,6821393,7237078,6842036,6821396,7238914,6842038,6821393
17920,7256838,6868227,6847914,7256313,6868212,6847904,7255969,6868226,6847908,7254691,6868224,6847914,7256272,6868215,6847926,7256298,6868219,6847910,7256954,6868225,6847918,7258308,6868228,6847910,7257793,6868221,6847918,7256492,6868220,6847922
18176,7275245,6894451,6874472,7275114,6894458,6874466,7275392,6894451,6874466,7275032,6894442,6874478,7274322,6894450,6874476,7274996,6894436,6874472,7274140,6894453,6874476,7276584,6894445,6874460,7272999,6894438,6874480,7276117,6894446,6874472
18432,7292282,6920684,6901047,7293922,6920682,6901047,7290078,6920684,6901043,7291714,6920678,6901053,7293720,6920676,6901058,7294986,6920678,6901060,7293384,6920682,6901058,7294458,6920678,6901062,7292144,6920684,6901059,7292378,6920682,6901050
18688,7309926,6946900,6927620,7311874,6946904,6927604,7310020,6946906,6927619,7311716,6946902,6927614,7310285,6946902,6927619,7311100,6946914,6927622,7311312,6946906,6927618,7311404,6946898,6927615,7311369,6946916,6927608,7311878,6946908,6927622
18944,7330628,6973098,6954142,7329366,6973087,6954136,7329973,6973092,6954128,7327988,6973083,6954138,7329052,6973089,6954120,7329356,6973084,6954126,7329392,6973092,6954150,7330950,6973091,6954140,7328716,6973096,6954142,7328756,6973091,6954136
19200,7347572,6999304,6980682,7346494,6999306,6980684,7349795,6999296,6980682,7347327,6999306,6980690,7346365,6999296,6980686,7346974,6999304,6980696,7348462,6999290,6980692,7347292,6999300,6980688,7348580,6999290,6980696,7345734,6999284,6980682
19456,7364966,7025542,7007266,7367348,7025538,7007268,7364097,7025538,7007268,7365495,7025542,7007262,7364850,7025540,7007262,7365142,7025531,7007268,7366267,7025546,7007274,7366065,7025548,7007272,7365256,7025540,7007264,7364962,7025535,7007264
19712,7385148,7051767,7033816,7383276,7051754,7033826,7382857,7051759,7033822,7383890,7051748,7033822,7384478,7051760,7033832,7385278,7051741,7033829,7385861,7051757,7033837,7384944,7051756,7033820,7382862,7051753,7033822,7383721,7051766,7033822
19968,7403889,7077944,7060336,7401442,7077952,7060346,7402269,7077954,7060360,7403928,7077938,7060358,7401694,7077936,7060342,7401028,7077948,7060336,7402519,7077928,7060336,7402890,7077960,7060340,7400790,7077938,7060328,7401759,7077942,7060344
20224,7421874,7104163,7086898,7420671,7104153,7086898,7419710,7104168,7086902,7419689,7104157,7086896,7421071,7104156,7086898,7420064,7104149,7086904,7419676,7104171,7086890,7420315,7104160,7086910,7419035,7104168,7086908,7419086,7104164,7086894
20480,7437872,7130385,7113466,7438394,7130386,7113468,7438302,7130390,7113470,7436622,7130392,7113466,7439560,7130377,7113466,7439644,7130387,7113470,7438802,7130378,7113460,7438078,7130387,7113460,7438988,7130385,7113466,7439590,7130377,7113468
20736,7456520,7156620,7140048,7456808,7156608,7140044,7457351,7156612,7140038,7457106,7156626,7140030,7455184,7156634,7140040,7455588,7156622,7140050,7455254,7156620,7140046,7456426,7156620,7140046,7456420,7156628,7140040,7456360,7156624,7140052
20992,7475307,7182844,7166602,7476140,7182838,7166604,7472744,7182834,7166596,7475246,7182836,7166600,7475578,7182836,7166600,7474995,7182836,7166588,7474996,7182826,7166594,7472760,7182828,7166617,7475414,7182838,7166606,7475546,7182826,7166596
21248,7492463,7209023,7193120,7494231,7209023,7193120,7493752,7209027,7193122,7492216,7209022,7193112,7493665,7209010,7193104,7492614,7209024,7193114,7493786,7209022,7193126,7492532,7209021,7193112,7490731,7209030,7193114,7493074,7209021,7193118
21504,7509902,7235230,7219664,7510858,7235240,7219670,7512286,7235242,7219664,7511389,7235244,7219655,7509956,7235240,7219662,7511532,7235228,7219664,7512370,7235236,7219662,7510360,7235232,7219664,7511060,7235236,7219674,7510858,7235240,7219664
21760,7528678,7261461,7246218,7530358,7261476,7246220,7528398,7261480,7246209,7529154,7261488,7246232,7528204,7261478,7246222,7528690,7261476,7246224,7529214,7261482,7246222,7528938,7261463,7246220,7528259,7261482,7246234,7528194,7261480,7246230
22016,7548780,7287698,7272784,7547898,7287690,7272784,7546789,7287696,7272774,7547078,7287694,7272786,7546792,7287698,7272784,7546952,7287699,7272788,7550232,7287708,7272780,7548292,7287702,7272786,7548808,7287691,7272786,7547379,7287696,7272778
22272,7566234,7313890,7299305,7565978,7313880,7299322,7564279,7313880,7299312,7564258,7313886,7299300,7567786,7313884,7299309,7565248,7313882,7299306,7565129,7313886,7299306,7565358,7313874,7299285,7565318,7313886,7299307,7567704,7313888,7299308
22528,7582228,7340092,7325858,7582818,7340088,7325848,7585266,7340105,7325862,7584012,7340103,7325853,7583878,7340110,7325853,7585870,7340111,7325848,7583714,7340103,7325853,7584032,7340099,7325865,7583175,7340100,7325867,7584780,7340101,7325853
22784,7602408,7366350,7352452,7601812,7366358,7352448,7603496,7366340,7352446,7603254,7366357,7352438,7603436,7366345,7352435,7603086,7366345,7352441,7600144,7366363,7352454,7603148,7366355,7352456,7601921,7366359,7352444,7601815,7366349,7352433
23040,7619935,7392558,7378992,7620644,7392568,7378998,7619794,7392570,7378986,7620423,7392570,7378990,7619606,7392562,7378990,7620508,7392560,7378997,7620374,7392562,7378992,7619800,7392560,7379010,7621150,7392572,7379000,7618487,7392564,7378988
23296,7638873,7418761,7405523,7640210,7418749,7405519,7637644,7418756,7405523,7637127,7418751,7405537,7637854,7418754,7405529,7637972,7418759,7405520,7637231,7418759,7405518,7639516,7418747,7405529,7637811,7418758,7405520,7638132,7418752,7405523
23552,7655663,7444971,7432064,7656298,7444972,7432073,7656128,7444965,7432081,7654786,7444981,7432084,7656384,7444969,7432089,7655568,7444979,7432071,7655830,7444975,7432082,7656462,7444968,7432082,7657366,7444961,7432086,7656662,7444967,7432081
23808,7675342,7471212,7458653,7676064,7471212,7458662,7673967,7471206,7458649,7673899,7471190,7458642,7675369,7471188,7458659,7673309,7471202,7458651,7674442,7471208,7458652,7674156,7471212,7458649,7674218,7471202,7458646,7673585,7471208,7458642
24064,7693511,7497426,7485196,7692311,7497422,7485196,7691576,7497412,7485197,7691222,7497418,7485193,7693684,7497418,7485209,7694316,7497416,7485205,7693596,7497428,7485193,7694124,7497426,7485203,7692490,7497412,7485194,7694634,7497422,7485194
24320,7711960,7523606,7511719,7712086,7523605,7511721,7710379,7523600,7511712,7711933,7523614,7511728,7710170,7523600,7511720,7710728,7523598,7511720,7710298,7523606,7511712,7711204,7523608,7511718,7711014,7523604,7511725,7712580,7523598,7511728
24576,7730778,7549816,7538280,7728950,7549832,7538281,7728428,7549822,7538275,7728809,7549820,7538293,7730396,7549832,7538280,7730202,7549826,7538286,7729490,7549832,7538294,7727537,7549824,7538294,7728526,7549826,7538281,7730053,7549832,7538301
24832,7748195,7576068,7564863,7745714,7576066,7564863,7748693,7576064,7564871,7746988,7576066,7564876,7746551,7576066,7564870,7748031,7576064,7564871,7750626,7576066,7564871,7746767,7576068,7564867,7747913,7576060,7564874,7746065,7576060,7564862
25088,7764370,7602278,7591424,7766339,7602284,7591426,7765432,7602291,7591432,7765205,7602292,7591429,7764352,7602281,7591422,7766774,7602296,7591429,7766757,7602294,7591420,7764364,7602290,7591427,7766276,7602290,7591423,7765169,7602288,7591433
25344,7782596,7628452,7617955,7783789,7628458,7617948,7783664,7628462,7617946,7782476,7628454,7617952,7782018,7628464,7617944,7782523,7628466,7617942,7782430,7628456,7617936,7784734,7628454,7617936,7782743,7628466,7617947,7783308,7628456,7617938
25600,7802018,7654667,7644488,7803072,7654674,7644494,7801642,7654689,7644502,7802980,7654681,7644502,7801290,7654680,7644490,7803420,7654671,7644502,7801912,7654681,7644500,7802653,7654674,7644511,7803590,7654672,7644494,7801814,7654673,7644502
25856,7820352,7680917,7671062,7819398,7680915,7671067,7818756,7680901,7671060,7820405,7680902,7671054,7821287,7680907,7671056,7821204,7680910,7671070,7817924,7680908,7671064,7819621,7680903,7671065,7820422,7680914,7671067,7821661,7680890,7671063
26112,7838136,7707138,7697637,7838724,7707136,7697620,7838562,7707130,7697640,7838622,7707138,7697638,7838486,7707138,7697635,7839456,7707146,7697629,7839262,7707130,7697629,7837910,7707136,7697635,7838888,7707136,7697636,7838049,7707148,7697635
26368,7856546,7733352,7724187,7858115,7733354,7724189,7855280,7733352,7724189,7855577,7733358,7724188,7855523,7733356,7724193,7855368,7733356,7724188,7856106,7733350,7724195,7856020,7733358,7724195,7855636,7733360,7724190,7855742,7733362,7724195
26624,7875321,7759554,7750712,7871240,7759550,7750724,7874934,7759543,7750716,7873184,7759545,7750716,7875407,7759534,7750714,7873819,7759536,7750714,7875085,7759548,7750714,7875376,7759526,7750708,7876381,7759543,7750716,7873861,7759547,7750706
26880,7892946,7785754,7777258,7892783,7785758,7777264,7893218,7785754,7777258,7893792,7785752,7777256,7892260,7785760,7777262,7891704,7785754,7777254,7893432,7785762,7777272,7893778,7785758,7777258,7892634,7785754,7777262,7893670,7785762,7777262
27136,7910026,7811979,7803826,7910696,7811979,7803834,7912412,7811989,7803824,7909388,7811984,7803834,7911581,7811974,7803838,7911418,7811983,7803832,7910550,7811984,7803828,7908739,7811996,7803840,7912136,7811991,7803834,7912085,7811996,7803834
27392,7929521,7838203,7830386,7929514,7838207,7830390,7928042,7838209,7830376,7930472,7838204,7830384,7929184,7838193,7830388,7927892,7838206,7830376,7927902,7838200,7830382,7930044,7838200,7830380,7929744,7838201,7830386,7928866,7838211,7830388
27648,7947269,7864386,7856906,7946776,7864390,7856904,7946421,7864394,7856906,7947684,7864390,7856900,7946614,7864378,7856896,7948369,7864386,7856910,7945014,7864396,7856908,7946869,7864388,7856906,7948872,7864392,7856902,7945986,7864388,7856896
27904,7966871,7890607,7883446,7965504,7890602,7883442,7963402,7890602,7883452,7965531,7890594,7883466,7965570,7890600,7883443,7965997,7890595,7883452,7965668,7890607,7883452,7965102,7890614,7883460,7966292,7890598,7883442,7965654,7890602,7883445
28160,7980386,7916830,7910024,7983281,7916843,7910022,7983400,7916839,7910012,7984568,7916828,7910012,7984306,7916839,7910028,7979687,7916824,7910020,7981914,7916834,7910028,7984698,7916824,7910020,7983953,7916818,7910012,7982226,7916835,7910016
28416,8001088,7943044,7936566,8002877,7943054,7936566,7999468,7943052,7936572,8002207,7943052,7936566,8002103,7943050,7936574,8001954,7943048,7936558,8001209,7943052,7936578,8002446,7943048,7936568,8002506,7943048,7936561,8000002,7943028,7936566
28672,8017756,7969234,7963086,8018826,7969234,7963087,8019978,7969236,7963103,8020058,7969229,7963093,8019822,7969236,7963101,8021830,7969245,7963098,8020582,7969247,7963093,8019549,7969234,7963103,8018986,7969249,7963095,8018484,7969243,7963095
28928,8037852,7995444,7989655,8035750,7995456,7989651,8035304,7995462,7989640,8037022,7995448,7989649,8035592,7995460,7989654,8038388,7995452,7989652,8039078,7995452,7989652,8036916,7995454,7989644,8039410,7995444,7989651,8037664,7995460,7989639
29184,8055106,8021694,8016220,8057598,8021684,8016219,8054814,8021686,8016219,8056674,8021700,8016221,8055190,8021690,8016217,8058649,8021676,8016218,8056958,8021688,8016216,8056162,8021696,8016210,8057246,8021684,8016207,8055859,8021684,8016205
29440,8076188,8047903,8042764,8073513,8047911,8042773,8076192,8047911,8042773,8074368,8047908,8042759,8073242,8047906,8042764,8074512,8047906,8042763,8073934,8047899,8042766,8074969,8047902,8042765,8072778,8047901,8042761,8074126,8047903,8042756
29696,8091410,8074098,8069290,8093042,8074098,8069294,8094066,8074090,8069289,8094128,8074080,8069294,8092119,8074088,8069280,8093020,8074090,8069287,8092360,8074096,8069285,8092024,8074092,8069295,8093346,8074086,8069289,8091910,8074088,8069282
29952,8112233,8100310,8095830,8110651,8100309,8095839,8110478,8100301,8095849,8110344,8100307,8095834,8110526,8100304,8095841,8111596,8100314,8095847,8113134,8100309,8095834,8110853,8100314,8095837,8109822,8100312,8095834,8110938,8100312,8095836
30208,8128562,8126526,8122401,8129181,8126535,8122401,8130044,8126529,8122402,8130247,8126535,8122407,8128464,8126542,8122402,8126545,8126535,8122400,8129846,8126536,8122403,8129785,8126532,8122396,8128632,8126521,8122402,8129064,8126541,8122415
30464,8147882,8152750,8148944,8145712,8152756,8148953,8145876,8152754,8148958,8146104,8152756,8148965,8146496,8152760,8148956,8149843,8152767,8148959,8148385,8152760,8148951,8148818,8152752,8148971,8147335,8152748,8148964,8145761,8152746,8148946
30720,8165949,8178946,8175480,8164415,8178937,8175480,8165596,8178942,8175484,8165266,8178934,8175476,8165764,8178928,8175482,8167652,8178935,8175484,8165054,8178943,8175468,8165442,8178932,8175468,8167328,8178941,8175472,8164178,8178926,8175464
30976,8184736,8205162,8202044,8183248,8205172,8202040,8184194,8205171,8202036,8182774,8205167,8202040,8185032,8205170,8202042,8183020,8205175,8202036,8183662,8205164,8202032,8182656,8205165,8202054,8184242,8205169,8202034,8185361,8205168,8202046
31232,8202800,8231370,8228584,8203110,8231380,8228588,8201884,8231384,8228592,8201726,8231382,8228594,8200726,8231378,8228598,8200652,8231380,8228584,8200492,8231386,8228596,8203110,8231370,8228582,8201498,8231382,8228590,8201388,8231378,8228584
31488,8221680,8257618,8255158,8220191,8257618,8255154,8218239,8257608,8255166,8219148,8257598,8255156,8219398,8257608,8255156,8220483,8257600,8255158,8220622,8257606,8255162,8220256,8257608,8255154,8219746,8257604,8255150,8220240,8257620,8255144
31744,8238080,8283830,8281704,8236508,8283820,8281712,8239044,8283827,8281712,8238882,8283831,8281714,8238700,8283832,8281710,8238394,8283833,8281718,8238974,8283827,8281718,8239886,8283834,8281706,8236822,8283825,8281712,8237747,8283824,8281710
32000,8257446,8310018,8308234,8257318,8310012,8308242,8256818,8310012,8308224,8256577,8310008,8308230,8256780,8310012,8308224,8258096,8310008,8308224,8255036,8310018,8308242,8259062,8310014,8308238,8256416,8310010,8308234,8255810,8310012,8308232
32256,8275692,8336231,8334784,8273514,8336225,8334789,8276073,8336227,8334775,8273180,8336221,8334781,8275054,8336221,8334796,8275960,8336223,8334772,8275810,8336225,8334784,8273857,8336223,8334781,8275522,8336234,8334787,8274664,8336227,8334778
32512,8294013,8362458,8361358,8292259,8362467,8361348,8292900,8362449,8361353,8293635,8362467,8361352,8292348,8362473,8361354,8292544,8362462,8361359,8293700,8362460,8361344,8292976,8362473,8361355,8292686,8362461,8361358,8293598,8362468,8361355
32768,8310997,8388640,8387873,8311397,8388654,8387880,8313151,8388648,8387884,8310728,8388648,8387890,8310318,8388652,8387880,8312470,8388650,8387883,8310303,8388648,8387886,8312192,8388642,8387866,8309854,8388640,8387882,8312094,8388650,8387881
33024,8329376,8414868,8414436,8329478,8414860,8414426,8330417,8414868,8414420,8329668,8414856,8414436,8328996,8414858,8414412,8328382,8414864,8414440,8328702,8414872,8414428,8328008,8414872,8414428,8329824,8414868,8414428,8329990,8414870,8414418
33280,8348198,8441080,8440974,8350440,8441084,8440984,8346507,8441076,8440980,8346615,8441072,8440976,8346764,8441076,8440984,8347992,8441084,8440974,8346734,8441080,8440974,8348171,8441076,8440984,8346312,8441076,8440972,8346262,8441080,8440980
33536,8364910,8467308,8467556,8366300,8467312,8467550,8365088,8467316,8467544,8365461,8467308,8467556,8366554,8467324,8467552,8366595,8467312,8467560,8366439,8467312,8467548,8366104,8467308,8467552,8366452,8467312,8467552,8366305,8467302,8467548
33792,8386004,8493530,8494100,8382215,8493530,8494108,8382819,8493544,8494116,8383955,8493528,8494098,8383207,8493540,8494104,8384067,8493536,8494098,8383450,8493538,8494114,8384145,8493528,8494108,8383384,8493530,8494100,8381299,8493528,8494100
34048,8400440,8519704,8520618,8401066,8519700,8520616,8404102,8519708,8520608,8401116,8519702,8520608,8402568,8519702,8520612,8401536,8519700,8520618,8402076,8519720,8520600,8401316,8519700,8520614,8402352,8519716,8520632,8402336,8519712,8520616
34304,8420304,8545922,8547180,8418996,8545908,8547168,8419400,8545932,8547164,8420048,8545920,8547176,8419728,8545928,8547168,8419764,8545924,8547174,8420700,8545928,8547168,8419768,8545932,8547168,8420186,8545928,8547164,8418852,8545926,8547174
34560,8438672,8572156,8573724,8438224,8572144,8573728,8438168,8572152,8573728,8438548,8572152,8573732,8438492,8572146,8573748,8438190,8572148,8573732,8439394,8572152,8573728,8439316,8572146,8573728,8437916,8572144,8573732,8438268,8572152,8573724
34816,8457140,8598362,8600292,8456602,8598372,8600276,8456752,8598372,8600284,8456184,8598364,8600280,8457520,8598368,8600288,8457508,8598376,8600284,8454136,8598364,8600298,8458088,8598364,8600292,8456516,8598372,8600292,8455628,8598370,8600296
35072,8474300,8624554,8626806,8474648,8624548,8626810,8474560,8624542,8626808,8475656,8624556,8626816,8476054,8624562,8626806,8474164,8624556,8626800,8472520,8624550,8626808,8474964,8624552,8626808,8474196,8624540,8626806,8473762,8624548,8626814
35328,8491860,8650770,8653356,8492064,8650768,8653356,8492050,8650750,8653352,8493052,8650764,8653344,8491446,8650746,8653348,8491096,8650764,8653348,8492000,8650762,8653356,8493376,8650766,8653348,8490554,8650760,8653356,8492264,8650760,8653354
35584,8511156,8676986,8679914,8510544,8676972,8679914,8511348,8676986,8679916,8509628,8676968,8679908,8510820,8676976,8679920,8510208,8676976,8679912,8511674,8676980,8679916,8510164,8676984,8679910,8507748,8676980,8679910,8510148,8676976,8679914
35840,8529876,8703212,8706476,8527672,8703180,8706462,8530128,8703188,8706464,8528180,8703204,8706456,8530632,8703188,8706452,8530296,8703184,8706476,8528432,8703212,8706472,8528776,8703196,8706472,8528316,8703204,8706466,8527418,8703188,8706480
36096,8546918,8729416,8733036,8546456,8729428,8733024,8548668,8729422,8733036,8548108,8729428,8733028,8547936,8729420,8733028,8547576,8729420,8733032,8547352,8729416,8733026,8547516,8729408,8733012,8545792,8729408,8733016,8547490,8729416,8733024
36352,8565372,8755602,8759552,8566504,8755596,8759536,8566816,8755604,8759550,8564160,8755594,8759554,8566042,8755600,8759552,8565592,8755600,8759556,8566478,8755600,8759564,8564560,8755612,8759552,8564332,8755608,8759552,8565584,8755608,8759558
36608,8584224,8781822,8786104,8583514,8781816,8786104,8583632,8781810,8786090,8582600,8781816,8786104,8584024,8781806,8786104,8585848,8781808,8786096,8583756,8781808,8786102,8583490,8781820,8786092,8582536,8781812,8786088,8584784,8781818,8786084
36864,8602588,8808074,8812676,8602492,8808060,8812676,8603144,8808056,8812680,8601112,8808052,8812684,8601676,8808064,8812676,8602780,8808062,8812686,8603992,8808066,8812684,8601500,8808058,8812680,8602946,8808068,8812688,8602720,8808056,8812680
37120,8620144,8834262,8839232,8620528,8834262,8839226,8619214,8834268,8839224,8620090,8834266,8839236,8618864,8834268,8839236,8621016,8834268,8839230,8620142,8834276,8839222,8618456,8834272,8839220,8620124,8834260,8839218,8620844,8834260,8839220
37376,8636552,8860456,8865756,8638800,8860464,8865744,8638962,8860466,8865754,8637296,8860464,8865758,8639122,8860452,8865752,8638116,8860464,8865748,8640464,8860456,8865762,8638714,8860456,8865752,8638148,8860456,8865752,8638486,8860464,8865748
37632,8655908,8886668,8892296,8657288,8886672,8892302,8656388,8886672,8892304,8657688,8886668,8892308,8656928,8886676,8892310,8655928,8886664,8892306,8656232,8886672,8892300,8655020,8886666,8892292,8654202,8886668,8892304,8656020,8886662,8892302
37888,8674984,8912884,8918852,8673710,8912880,8918860,8674784,8912882,8918860,8674426,8912886,8918852,8674428,8912888,8918852,8673792,8912884,8918860,8675308,8912886,8918856,8678552,8912892,8918866,8675602,8912884,8918864,8674914,8912888,8918858
38144,8692998,8939102,8945424,8693132,8939092,8945400,8691936,8939108,8945408,8692372,8939098,8945400,8692248,8939098,8945412,8692712,8939102,8945424,8692500,8939104,8945414,8692532,8939100,8945416,8692848,8939102,8945404,8692788,8939104,8945412
38400,8711368,8965280,8971932,8710524,8965276,8971930,8712312,8965272,8971940,8711288,8965284,8971928,8711594,8965284,8971946,8711624,8965290,8971936,8712112,8965280,8971928,8710626,8965288,8971948,8711460,8965280,8971934,8712296,8965288,8971936
38656,8729200,8991500,8998500,8728396,8991488,8998484,8730016,8991496,8998488,8729372,8991500,8998492,8728268,8991504,8998486,8728306,8991500,8998490,8729008,8991504,8998484,8729042,8991498,8998484,8728908,8991500,8998498,8729770,8991500,8998480
38912,8747320,9017752,9025082,8746076,9017744,9025080,8747832,9017760,9025076,8747248,9017756,9025088,8746918,9017750,9025090,8747676,9017752,9025074,8746784,9017756,9025076,8746780,9017748,9025076,8747004,9017750,9025084,8745944,9017746,9025082
39168,8765828,9043964,9051636,8765252,9043964,9051632,8764916,9043972,9051640,8765032,9043976,9051640,8765426,9043964,9051632,8764762,9043970,9051636,8766990,9043962,9051628,8764038,9043966,9051632,8766140,9043964,9051632,8767326,9043964,9051624
39424,8782236,9070152,9078158,8785614,9070136,9078154,8783084,9070136,9078156,8782124,9070160,9078152,8783236,9070146,9078156,8783276,9070150,9078164,8785508,9070156,9078168,8783272,9070166,9078148,8782324,9070152,9078164,8785746,9070160,9078172
39680,8801432,9096374,9104716,8801602,9096374,9104720,8801416,9096364,9104720,8802776,9096368,9104710,8801010,9096360,9104716,8802452,9096368,9104708,8802052,9096364,9104702,8803012,9096356,9104718,8801312,9096362,9104714,8803092,9096362,9104718
39936,8819892,9122616,9131300,8821702,9122614,9131308,8820212,9122608,9131300,8820612,9122620,9131304,8818772,9122604,9131300,8818324,9122618,9131300,8819408,9122620,9131308,8821410,9122614,9131296,8819160,9122600,9131296,8820836,9122606,9131294
40192,8838282,9148828,9157852,8838760,9148820,9157856,8835136,9148816,9157854,8838720,9148826,9157860,8838702,9148820,9157864,8837476,9148826,9157856,8837418,9148836,9157844,8837700,9148824,9157864,8837610,9148818,9157848,8836232,9148824,9157860
40448,8856660,9174998,9184374,8856916,9175016,9184380,8856304,9175002,9184378,8855304,9175000,9184384,8856404,9175016,9184394,8856784,9175012,9184374,8855358,9175004,9184388,8856524,9175020,9184380,8857108,9175012,9184384,8855728,9175008,9184384
40704,8874296,9201218,9210936,8875252,9201224,9210944,8875056,9201228,9210940,8873148,9201220,9210944,8874298,9201214,9210930,8874306,9201220,9210928,8872796,9201220,9210934,8874920,9201226,9210928,8873768,9201220,9210932,8874028,9201228,9210940
40960,8893560,9227452,9237524,8893992,9227452,9237504,8892992,9227476,9237512,8891012,9227460,9237510,8892948,9227448,9237516,8891456,9227464,9237506,8893554,9227448,9237516,8892874,9227468,9237512,8892100,9227452,9237522,8893144,9227460,9237502
41216,8911708,9253684,9264084,8909168,9253692,9264088,8911126,9253688,9264092,8912040,9253688,9264072,8911300,9253686,9264094,8910564,9253700,9264090,8911896,9253680,9264082,8908438,9253684,9264080,8909872,9253684,9264096,8911952,9253692,9264088
41472,8928400,9279896,9290644,8928752,9279904,9290636,8929612,9279896,9290652,8929136,9279904,9290640,8929672,9279898,9290640,8928196,9279908,9290652,8930056,9279900,9290630,8929256,9279908,9290634,8928248,9279896,9290628,8929032,9279914,9290636
41728,8945550,9306084,9317168,8945636,9306096,9317160,8946680,9306080,9317172,8947026,9306072,9317160,8947616,9306086,9317164,8945812,9306080,9317164,8947964,9306078,9317176,8947428,9306072,9317156,8946818,9306088,9317156,8947756,9306080,9317168
41984,8965528,9332290,9343724,8964636,9332300,9343716,8965806,9332290,9343714,8965690,9332292,9343728,8965484,9332304,9343724,8964452,9332290,9343732,8965652,9332294,9343730,8963368,9332298,9343722,8964936,9332304,9343728,8966204,9332298,9343724
42240,8982794,9358530,9370304,8983264,9358536,9370304,8984514,9358538,9370294,8983334,9358536,9370304,8982308,9358538,9370306,8985936,9358536,9370308,8984036,9358538,9370296,8983336,9358534,9370312,8982258,9358546,9370312,8983060,9358536,9370308
42496,9001620,9384764,9396880,9001168,9384756,9396880,9002864,9384756,9396868,9002088,9384756,9396868,9000404,9384764,9396868,9002028,9384752,9396850,9003812,9384756,9396852,9002960,9384756,9396864,9002626,9384744,9396866,9001636,9384760,9396870
42752,9019296,9410940,9423392,9020642,9410948,9423376,9018694,9410948,9423396,9018976,9410940,9423396,9019160,9410932,9423392,9021782,9410938,9423392,9019374,9410942,9423396,9020856,9410936,9423392,9020668,9410948,9423386,9019552,9410940,9423412
43008,9039488,9437156,9449954,9037208,9437154,9449950,9037474,9437160,9449956,9037486,9437160,9449956,9036864,9437152,9449950,9038464,9437164,9449952,9035882,9437162,9449960,9036888,9437154,9449964,9037188,9437156,9449956,9039096,9437156,9449956
43264,9055544,9463390,9476540,9057576,9463396,9476532,9056700,9463396,9476548,9057222,9463390,9476548,9055312,9463396,9476538,9055992,9463400,9476544,9054736,9463400,9476542,9056544,9463390,9476540,9057572,9463404,9476534,9056856,9463408,9476528
43520,9076304,9489604,9503092,9074600,9489612,9503100,9075276,9489626,9503096,9073384,9489618,9503096,9073920,9489612,9503092,9073760,9489618,9503096,9075444,9489616,9503102,9075740,9489614,9503108,9073068,9489600,9503088,9076106,9489608,9503096
43776,9092058,9515802,9529630,9092384,9515796,9529624,9093028,9515800,9529626,9093912,9515796,9529636,9091784,9515790,9529624,9090860,9515798,9529624,9091276,9515798,9529632,9092032,9515788,9529626,9092760,9515788,9529626,9092832,9515792,9529628
44032,9111076,9542020,9556196,9109806,9542016,9556194,9109712,9542020,9556190,9111692,9542012,9556196,9113088,9542016,9556188,9112532,9542016,9556192,9111600,9542016,9556202,9112800,9542016,9556196,9110322,9542024,9556192,9110170,9542022,9556204
44288,9127840,9568252,9582782,9128956,9568250,9582782,9130094,9568256,9582772,9129826,9568258,9582772,9129588,9568260,9582780,9131228,9568254,9582772,9129004,9568260,9582774,9129414,9568256,9582768,9127888,9568250,9582764,9129330,9568254,9582776
44544,9146310,9594450,9609328,9145746,9594462,9609330,9146964,9594458,9609332,9147658,9594460,9609328,9147488,9594460,9609328,9145762,9594468,9609332,9148632,9594464,9609326,9147880,9594468,9609334,9148356,9594456,9609328,9146312,9594460,9609332
44800,9166736,9620646,9635854,9165944,9620648,9635860,9163986,9620644,9635866,9166032,9620648,9635862,9163908,9620640,9635856,9166632,9620648,9635868,9165596,9620652,9635858,9165162,9620656,9635870,9165224,9620642,9635860,9165782,9620652,9635864
45056,9183488,9646858,9662432,9183668,9646856,9662434,9184636,9646870,9662428,9183120,9646860,9662430,9184380,9646870,9662428,9181648,9646868,9662428,9183800,9646860,9662432,9184020,9646864,9662442,9183960,9646862,9662448,9182076,9646854,9662426
45312,9202244,9673116,9689036,9199292,9673108,9689022,9199890,9673104,9689030,9202472,9673112,9689024,9201410,9673116,9689036,9202304,9673098,9689036,9201360,9673100,9689022,9201426,9673114,9689034,9201848,9673112,9689028,9201820,9673104,9689028
45568,9219340,9699328,9715598,9221160,9699316,9715604,9220482,9699320,9715596,9219698,9699316,9715596,9220832,9699322,9715590,9221012,9699328,9715602,9219432,9699328,9715604,9221116,9699320,9715592,9219864,9699334,9715598,9217560,9699328,9715596
45824,9237328,9725512,9742132,9238430,9725510,9742136,9238078,9725520,9742128,9237800,9725504,9742124,9238636,9725512,9742124,9238532,9725508,9742134,9238312,9725508,9742142,9239072,9725520,9742132,9237360,9725516,9742142,9237896,9725516,9742136
46080,9256378,9751714,9768692,9255164,9751726,9768700,9255934,9751736,9768696,9256380,9751732,9768718,9256116,9751740,9768692,9256170,9751728,9768706,9257116,9751724,9768696,9255112,9751732,9768694,9256216,9751732,9768708,9257452,9751720,9768706
46336,9274766,9777948,9795276,9273454,9777958,9795286,9274904,9777950,9795280,9273672,9777948,9795282,9272852,9777956,9795280,9272788,9777948,9795272,9273828,9777950,9795284,9272284,9777952,9795274,9274612,9777948,9795276,9275014,9777944,9795272
46592,9293300,9804188,9821856,9293108,9804182,9821852,9292480,9804196,9821860,9291660,9804188,9821862,9292292,9804192,9821866,9290968,9804188,9821860,9292410,9804180,9821862,9293768,9804192,9821868,9293802,9804188,9821868,9290896,9804188,9821868
46848,9311584,9830404,9848430,9310266,9830398,9848428,9310696,9830402,9848430,9312008,9830404,9848430,9310792,9830394,9848420,9310578,9830396,9848428,9313792,9830396,9848428,9311792,9830402,9848428,9311234,9830396,9848426,9310512,9830400,9848426
47104,9330788,9856586,9874972,9327960,9856594,9874960,9328392,9856596,9874956,9331166,9856588,9874976,9329508,9856590,9874954,9328538,9856590,9874964,9330304,9856576,9874964,9328270,9856588,9874968,9329140,9856588,9874968,9328058,9856584,9874976
47360,9347216,9882800,9901528,9346432,9882810,9901536,9347208,9882802,9901528,9349224,9882812,9901532,9347702,9882806,9901538,9347776,9882808,9901528,9346240,9882806,9901532,9348150,9882808,9901536,9347998,9882804,9901520,9346898,9882796,9901532
47616,9365516,9909032,9928124,9364332,9909038,9928124,9365416,9909036,9928120,9365316,9909044,9928124,9366184,9909044,9928116,9365426,9909044,9928116,9365976,9909044,9928114,9365136,9909052,9928116,9365672,9909038,9928124,9367460,9909040,9928116
47872,9383436,9935264,9954672,9382156,9935264,9954676,9383696,9935268,9954684,9383726,9935268,9954696,9381916,9935252,9954692,9382728,9935264,9954688,9384152,9935248,9954676,9385100,9935256,9954692,9382392,9935266,9954688,9383188,9935248,9954692
48128,9401070,9961452,9981222,9401768,9961436,9981232,9402724,9961456,9981224,9401728,9961448,9981224,9400888,9961444,9981224,9402880,9961444,9981224,9401980,9961442,9981230,9401252,9961444,9981220,9401582,9961444,9981224,9404526,9961438,9981228
48384,9419772,9987664,10007794,9421648,9987664,10007792,9419868,9987652,10007788,9419902,9987658,10007788,9419564,9987664,10007788,9421990,9987654,10007784,9417888,9987648,10007794,9419740,9987652,10007786,9420412,9987640,10007768,9420468,9987652,10007784
48640,9437016,10013880,10034372,9437586,10013890,10034364,9437404,10013886,10034366,9439240,10013890,10034372,9438014,10013888,10034384,9438066,10013888,10034376,9438268,10013896,10034388,9438010,10013892,10034384,9436538,10013902,10034374,9437028,10013884,10034368
48896,9454740,10040108,10060944,9456268,10040108,10060946,9455192,10040108,10060944,9454928,10040120,10060948,9456984,10040110,10060954,9456940,10040110,10060942,9455860,10040116,10060942,9455872,10040102,10060944,9454802,10040112,10060948,9457188,10040104,10060948
49152,9474826,10066300,10087490,9472296,10066296,10087480,9474334,10066300,10087492,9475240,10066306,10087476,9472054,10066280,10087460,9473320,10066292,10087476,9473566,10066296,10087472,9474556,10066294,10087478,9473676,10066310,10087480,9475254,10066304,10087480
49408,9492836,10092514,10114034,9491880,10092520,10114034,9492476,10092520,10114028,9491918,10092512,10114034,9492928,10092514,10114038,9493986,10092512,10114032,9492848,10092516,10114042,9493604,10092528,10114026,9492428,10092516,10114044,9493596,10092516,10114040
49664,9509316,10118736,10140584,9511988,10118736,10140566,9512944,10118732,10140566,9509620,10118752,10140576,9510676,10118726,10140576,9511296,10118728,10140592,9510270,10118734,10140564,9509204,10118734,10140582,9511476,10118720,10140572,9511508,10118732,10140574
49920,9526828,10144936,10167128,9530300,10144960,10167140,9527304,10144964,10167148,9528592,10144936,10167132,9528696,10144952,10167132,9529732,10144944,10167144,9528916,10144944,10167136,9529664,10144948,10167144,9528120,10144958,10167140,9530112,10144946,10167144
50176,9545788,10171122,10193688,9548944,10171132,10193676,9546820,10171140,10193686,9548628,10171136,10193684,9545786,10171158,10193676,9548016,10171132,10193686,9548004,10171138,10193674,9545712,10171140,10193670,9548090,10171128,10193692,9549462,10171132,10193676
50432,9564368,10197348,10220256,9566820,10197352,10220254,9563682,10197346,10220248,9565200,10197342,10220256,9563802,10197342,10220252,9565874,10197356,10220256,9564768,10197348,10220260,9566348,10197348,10220248,9564678,10197338,10220242,9564680,10197340,10220246
50688,9582390,10223580,10246828,9585108,10223572,10246832,9584164,10223576,10246838,9584592,10223572,10246848,9582944,10223568,10246828,9582108,10223572,10246848,9582808,10223588,10246840,9582120,10223580,10246836,9583832,10223580,10246840,9583806,10223564,10246860
50944,9602312,10249796,10273420,9601716,10249798,10273414,9602526,10249788,10273416,9602364,10249796,10273410,9602284,10249800,10273412,9600820,10249802,10273412,9600562,10249792,10273412,9601128,10249800,10273420,9601836,10249800,10273420,9602192,10249794,10273402
51200,9619408,10275980,10299948,9618644,10275976,10299950,9619486,10275988,10299946,9620944,10275976,10299948,9619288,10275976,10299952,9618814,10275972,10299950,9622052,10275970,10299952,9620680,10275976,10299952,9620606,10275976,10299952,9621256,10275984,10299948
51456,9640046,10302210,10326536,9639580,10302202,10326544,9638140,10302202,10326540,9639082,10302190,10326532,9638244,10302212,10326528,9638076,10302206,10326536,9637192,10302210,10326530,9638096,10302212,10326530,9637412,10302220,10326528,9640044,10302212,10326526
51712,9657692,10328434,10353114,9656160,10328430,10353104,9654016,10328422,10353100,9656764,10328420,10353102,9655896,10328416,10353108,9656506,10328420,10353110,9657904,10328408,10353112,9655928,10328448,10353106,9656372,10328438,10353100,9657148,10328428,10353112
51968,9674850,10354636,10379680,9676692,10354640,10379678,9675692,10354640,10379682,9673644,10354636,10379672,9673968,10354648,10379676,9675792,10354646,10379676,9671626,10354632,10379676,9675052,10354636,10379684,9674148,10354646,10379680,9674140,10354644,10379680
52224,9691360,10380856,10406256,9692604,10380844,10406260,9692688,10380860,10406256,9692384,10380856,10406260,9694184,10380856,10406252,9692436,10380870,10406252,9692138,10380864,10406258,9693536,10380850,10406256,9692132,10380856,10406264,9693762,10380856,10406244
52480,9709252,10407038,10432796,9711782,10407036,10432794,9710970,10407034,10432800,9711996,10407036,10432804,9710860,10407034,10432804,9711044,10407048,10432800,9711028,10407038,10432784,9711710,10407040,10432804,9709920,10407040,10432800,9711782,10407036,10432798
52736,9731144,10433258,10459380,9729300,10433256,10459368,9730280,10433260,10459372,9729868,10433256,10459374,9729372,10433266,10459372,9729720,10433256,10459376,9729516,10433272,10459372,9731462,10433264,10459378,9728246,10433260,10459376,9730228,10433264,10459370
52992,9747072,10459500,10485982,9748792,10459492,10485970,9746456,10459484,10485960,9747636,10459504,10485968,9749360,10459504,10485976,9746516,10459498,10485968,9748968,10459496,10485964,9747506,10459484,10485960,9747778,10459492,10485964,9747072,10459498,10485976
53248,9766028,10485702,10512556,9764824,10485710,10512558,9765138,10485712,10512548,9765664,10485720,10512546,9766970,10485718,10512560,9764936,10485708,10512552,9766898,10485722,10512544,9764158,10485700,10512552,9767512,10485720,10512548,9764496,10485704,10512562
53504,9783248,10511894,10539092,9783788,10511902,10539096,9784808,10511892,10539106,9784258,10511896,10539088,9783928,10511900,10539092,9784256,10511896,10539096,9784356,10511900,10539092,9784226,10511908,10539104,9782540,10511896,10539092,9784932,10511898,10539100
53760,9802426,10538124,10565672,9802084,10538112,10565682,9804036,10538120,10565668,9800236,10538124,10565684,9801068,10538124,10565680,9800132,10538116,10565676,9802796,10538116,10565678,9801744,10538120,10565680,9801508,10538128,10565684,9801222,10538108,10565684
54016,9821268,10564340,10592252,9820950,10564344,10592256,9820850,10564328,10592260,9819048,10564336,10592260,9820028,10564332,10592272,9818340,10564352,10592260,9822084,10564344,10592264,9821090,10564352,10592264,9820146,10564340,10592260,9819176,10564342,10592256
54272,9837280,10590556,10618832,9839002,10590564,10618844,9838778,10590560,10618836,9838412,10590552,10618840,9837276,10590556,10618848,9836740,10590562,10618836,9837600,10590556,10618840,9839112,10590548,10618844,9841164,10590584,10618856,9835872,10590560,10618852
54528,9859234,10616738,10645396,9856484,10616756,10645396,9856464,10616756,10645402,9855876,10616752,10645394,9856580,10616748,10645392,9856476,10616750,10645394,9856772,10616744,10645380,9855588,10616732,10645396,9855926,10616752,10645412,9858208,10616744,10645398
54784,9876500,10642960,10671982,9874580,10642964,10671976,9874718,10642956,10671964,9872588,10642962,10671960,9874620,10642964,10671968,9873576,10642956,10671974,9873368,10642956,10671966,9874064,10642968,10671980,9873076,10642956,10671976,9873284,10642946,10671980
55040,9892044,10669186,10698568,9891868,10669184,10698556,9892218,10669188,10698564,9893166,10669186,10698558,9893268,10669200,10698564,9892796,10669188,10698558,9893978,10669194,10698568,9892276,10669194,10698560,9892582,10669202,10698556,9892152,10669196,10698558
55296,9912344,10695416,10725148,9911520,10695408,10725144,9910084,10695400,10725138,9909578,10695410,10725160,9911408,10695408,10725144,9909770,10695408,10725144,9910084,10695408,10725148,9911908,10695408,10725148,9912668,10695424,10725160,9909956,10695404,10725140
55552,9929488,10721592,10751698,9930306,10721588,10751694,9930178,10721602,10751704,9929630,10721606,10751706,9926972,10721596,10751712,9929084,10721600,10751706,9928012,10721596,10751692,9930384,10721580,10751712,9929886,10721600,10751704,9929868,10721600,10751708
55808,9947422,10747802,10778280,9946430,10747804,10778272,9945916,10747804,10778280,9947810,10747808,10778272,9947428,10747812,10778276,9948374,10747792,10778286,9948124,10747820,10778278,9949184,10747796,10778280,9947828,10747814,10778280,9947330,10747814,10778290
56064,9966016,10774052,10804876,9966480,10774064,10804898,9965026,10774066,10804896,9965848,10774060,10804876,9965980,10774048,10804892,9967956,10774052,10804888,9965272,10774058,10804904,9965424,10774068,10804896,9964010,10774052,10804886,9968324,10774046,10804892
56320,9983382,10800280,10831490,9984284,10800274,10831490,9982216,10800272,10831476,9983840,10800280,10831480,9983484,10800274,10831476,9985062,10800272,10831484,9986250,10800272,10831480,9983708,10800276,10831480,9984022,10800276,10831488,9985472,10800278,10831486
56576,10005182,10826498,10858064,10003166,10826508,10858084,10003018,10826496,10858072,10000680,10826508,10858084,10002618,10826504,10858076,10000780,10826484,10858080,10002476,10826502,10858068,10001730,10826504,10858076,10000140,10826500,10858084,10001208,10826496,10858080
56832,10020064,10852684,10884640,10020050,10852680,10884622,10021356,10852680,10884632,10020172,10852688,10884624,10019040,10852686,10884630,10019226,10852684,10884636,10020472,10852684,10884644,10019408,10852688,10884626,10019860,10852680,10884630,10020380,10852674,10884628
57088,10037836,10878896,10911220,10037552,10878896,10911210,10039390,10878900,10911212,10039760,10878892,10911224,10037490,10878900,10911224,10039000,10878896,10911220,10038142,10878904,10911222,10038392,10878888,10911216,10038744,10878896,10911212,10038296,10878908,10911212
57344,10058090,10905132,10937816,10055170,10905144,10937820,10057446,10905134,10937820,10057360,10905128,10937818,10056552,10905140,10937824,10055432,10905136,10937824,10056244,10905128,10937820,10058184,10905132,10937818,10057756,10905128,10937820,10056296,10905132,10937812
57600,10076512,10931348,10964400,10073332,10931364,10964416,10077174,10931352,10964416,10075788,10931364,10964410,10075940,10931350,10964426,10075180,10931358,10964418,10074550,10931352,10964416,10074812,10931360,10964418,10074564,10931370,10964416,10076006,10931362,10964422
57856,10091996,10957546,10990976,10094384,10957548,10990964,10093592,10957540,10990972,10093380,10957538,10990974,10093686,10957554,10990972,10092676,10957550,10990976,10092956,10957544,10990976,10090308,10957552,10990968,10092628,10957544,10990972,10091808,10957544,10990980
58112,10112372,10983754,11017560,10111656,10983756,11017564,10110820,10983764,11017564,10111062,10983760,11017568,10111904,10983768,11017580,10112876,10983764,11017578,10111304,10983764,11017564,10110220,10983768,11017578,10111528,10983756,11017570,10111704,10983768,11017568
58368,10131282,11010008,11044176,10130136,11010004,11044192,10128436,11010012,11044182,10129478,11010006,11044188,10129204,11010012,11044188,10129592,11010012,11044190,10127588,11010004,11044198,10130344,11010010,11044184,10127826,11010012,11044186,10128886,11010008,11044188
58624,10149758,11036226,11070774,10148336,11036220,11070762,10146628,11036220,11070770,10146926,11036216,11070780,10148596,11036220,11070764,10147668,11036212,11070776,10147548,11036222,11070776,10147656,11036226,11070768,10148224,11036224,11070784,10147208,11036226,11070772
58880,10164348,11062402,11097328,10165160,11062404,11097332,10165834,11062412,11097332,10167240,11062404,11097330,10166736,11062414,11097334,10164864,11062402,11097340,10165392,11062404,11097342,10165534,11062414,11097336,10163704,11062412,11097342,10165862,11062408,11097344
59136,10184640,11088628,11123940,10183416,11088636,11123948,10185420,11088640,11123940,10183552,11088632,11123936,10184172,11088632,11123942,10184848,11088632,11123948,10184436,11088636,11123932,10184304,11088616,11123928,10184416,11088632,11123940,10183292,11088632,11123952
59392,10202398,11114888,11150572,10201432,11114896,11150582,10199768,11114892,11150584,10201846,11114886,11150584,10204206,11114880,11150572,10202308,11114876,11150568,10202022,11114880,11150580,10201532,11114882,11150564,10204696,11114882,11150568,10199838,11114890,11150564
59648,10219072,11141108,11177172,10220854,11141100,11177180,10221644,11141106,11177176,10219546,11141106,11177164,10219184,11141096,11177162,10222684,11141112,11177164,10220454,11141100,11177160,10221796,11141118,11177168,10221030,11141092,11177148,10220778,11141108,11177184
59904,10239252,11167292,11203716,10239134,11167296,11203736,10236624,11167296,11203724,10238100,11167294,11203736,10240324,11167302,11203732,10238512,11167284,11203728,10239496,11167286,11203732,10236428,11167292,11203728,10239612,11167292,11203736,10238732,11167290,11203722
60160,10257234,11193500,11230320,10257376,11193506,11230324,10257864,11193502,11230324,10255810,11193496,11230324,10257076,11193504,11230328,10256120,11193500,11230312,10258370,11193506,11230332,10256834,11193506,11230332,10256662,11193508,11230318,10257936,11193508,11230330
60416,10275106,11219744,11256948,10274360,11219750,11256956,10275012,11219740,11256940,10273840,11219732,11256952,10275672,11219732,11256944,10275126,11219736,11256942,10274540,11219732,11256944,10276844,11219752,11256952,10274384,11219740,11256954,10274248,11219732,11256936
60672,10292968,11245962,11283532,10294032,11245946,11283536,10293788,11245960,11283542,10292308,11245968,11283534,10293956,11245958,11283544,10294028,11245952,11283548,10293352,11245956,11283540,10294436,11245956,11283548,10294562,11245944,11283544,10293504,11245964,11283534
60928,10312472,11272144,11310114,10310140,11272148,11310106,10311260,11272144,11310116,10311476,11272140,11310100,10312704,11272146,11310120,10309952,11272148,11310108,10310986,11272144,11310108,10311128,11272148,11310120,10312146,11272150,11310102,10312366,11272146,11310104
61184,10329396,11298360,11336716,10328040,11298364,11336724,10329260,11298352,11336702,10329464,11298356,11336726,10329576,11298360,11336712,10328684,11298356,11336708,10329248,11298368,11336714,10327988,11298364,11336704,10328118,11298360,11336712,10330318,11298368,11336712
61440,10346536,11324604,11363332,10348168,11324612,11363332,10348072,11324606,11363344,10347812,11324604,11363340,10346440,11324616,11363352,10346614,11324606,11363342,10348654,11324620,11363340,10346520,11324610,11363340,10347856,11324616,11363352,10348774,11324616,11363354
61696,10366428,11350844,11389968,10365972,11350820,11389956,10366472,11350840,11389944,10366306,11350836,11389952,10366016,11350824,11389952,10366780,11350836,11389960,10366504,11350848,11389952,10367972,11350832,11389952,10365010,11350832,11389956,10366348,11350836,11389968
61952,10384400,11377050,11416552,10384040,11377052,11416556,10383960,11377040,11416560,10384812,11377056,11416560,10384608,11377056,11416558,10383502,11377048,11416560,10382934,11377048,11416550,10383856,11377050,11416566,10385144,11377058,11416572,10385704,11377060,11416564
62208,10401508,11403246,11443140,10402392,11403228,11443140,10402992,11403244,11443150,10403212,11403234,11443120,10403266,11403244,11443152,10400318,11403242,11443144,10403066,11403234,11443140,10403088,11403244,11443130,10401222,11403236,11443144,10403114,11403230,11443148
62464,10420824,11429468,11469742,10420872,11429470,11469752,10421672,11429456,11469740,10421132,11429458,11469748,10420674,11429460,11469758,10422498,11429470,11469752,10420404,11429464,11469756,10421588,11429452,11469740,10419380,11429464,11469752,10420912,11429454,11469740
62720,10438180,11455712,11496396,10440518,11455716,11496384,10437316,11455704,11496380,10438552,11455704,11496370,10438110,11455700,11496388,10440164,11455706,11496386,10440218,11455712,11496392,10437258,11455712,11496388,10440424,11455704,11496392,10438152,11455718,11496400
62976,10456936,11481928,11522996,10455984,11481936,11522996,10458154,11481934,11523004,10458024,11481922,11523000,10457044,11481928,11522996,10456458,11481938,11523004,10457270,11481928,11523000,10457636,11481936,11522998,10455720,11481924,11522994,10456640,11481928,11523010
63232,10474370,11508104,11549580,10475764,11508112,11549572,10476216,11508112,11549564,10475944,11508108,11549570,10476228,11508116,11549568,10475838,11508122,11549572,10473302,11508114,11549572,10474534,11508124,11549580,10475908,11508096,11549576,10474130,11508128,11549564
63488,10494148,11534348,11576200,10495132,11534344,11576182,10492892,11534324,11576188,10494300,11534338,11576184,10493448,11534360,11576190,10495120,11534344,11576188,10493062,11534336,11576184,10492788,11534334,11576184,10494866,11534340,11576196,10493068,11534344,11576196
63744,10511804,11560566,11602808,10511532,11560572,11602816,10510844,11560568,11602812,10511092,11560566,11602812,10512572,11560564,11602806,10512222,11560566,11602812,10509796,11560568,11602804,10513612,11560556,11602816,10511068,11560560,11602818,10511564,11560572,11602814
64000,10531100,11586790,11629418,10530388,11586790,11629416,10529836,11586792,11629426,10529204,11586784,11629432,10528980,11586786,11629426,10529540,11586784,11629424,10528980,11586780,11629416,10529000,11586772,11629422,10530660,11586780,11629414,10528912,11586782,11629412
64256,10547460,11612984,11656008,10547350,11612972,11656008,10548532,11612956,11655996,10548744,11612968,11656002,10548456,11612976,11656002,10548096,11612956,11656014,10547556,11612964,11656020,10548358,11612984,11655998,10549404,11612960,11656008,10549124,11612972,11656008
64512,10566244,11639188,11682626,10565444,11639200,11682632,10566702,11639188,11682634,10565826,11639190,11682620,10564112,11639196,11682624,10566896,11639186,11682630,10567260,11639196,11682622,10565960,11639192,11682620,10566712,11639192,11682624,10565832,11639192,11682632
64768,10583466,11665426,11709252,10581824,11665420,11709258,10584738,11665420,11709252,10585496,11665422,11709252,10584016,11665412,11709260,10585464,11665416,11709260,10583426,11665420,11709252,10583402,11665426,11709256,10584444,11665416,11709256,10585964,11665422,11709260
65024,10602420,11691640,11735864,10603636,11691640,11735872,10602804,11691634,11735868,10602126,11691648,11735866,10603654,11691648,11735884,10602208,11691632,11735878,10602322,11691648,11735880,10602682,11691648,11735872,10601956,11691636,11735878,10603348,11691648,11735878
65280,10620984,11717836,11762474,10621116,11717832,11762476,10622488,11717816,11762464,10621340,11717828,11762476,10620994,11717824,11762474,10618776,11717824,11762472,10619636,11717836,11762476,10621054,11717842,11762462,10620224,11717832,11762460,10621276,11717836,11762460
